Domain,Family
google.com,benign
facebook.com,benign
youtube.com,benign
twitter.com,benign
instagram.com,benign
linkedin.com,benign
microsoft.com,benign
apple.com,benign
wikipedia.org,benign
wordpress.org,benign
googletagmanager.com,benign
youtu.be,benign
en.wikipedia.org,benign
pinterest.com,benign
play.google.com,benign
vimeo.com,benign
plus.google.com,benign
maps.google.com,benign
goo.gl,benign
github.com,benign
adobe.com,benign
bit.ly,benign
wordpress.com,benign
docs.google.com,benign
itunes.apple.com,benign
blogspot.com,benign
macromedia.com,benign
player.vimeo.com,benign
amazon.com,benign
mozilla.org,benign
emabrasil.com.br,benign
yahoo.com,benign
drive.google.com,benign
apps.apple.com,benign
tumblr.com,benign
support.google.com,benign
europa.eu,benign
whatsapp.com,benign
flickr.com,benign
gravatar.com,benign
apache.org,benign
reddit.com,benign
nytimes.com,benign
nih.gov,benign
qq.com,benign
support.microsoft.com,benign
sites.google.com,benign
amazonaws.com,benign
api.whatsapp.com,benign
soundcloud.com,benign
w3.org,benign
forbes.com,benign
medium.com,benign
github.io,benign
t.co,benign
policies.google.com,benign
zoom.us,benign
baidu.com,benign
sourceforge.net,benign
theguardian.com,benign
archive.org,benign
www.ncbi.nlm.nih.gov,benign
cnn.com,benign
spotify.com,benign
forms.gle,benign
miit.gov.cn,benign
creativecommons.org,benign
dropbox.com,benign
who.int,benign
wixsite.com,benign
bbc.co.uk,benign
httpd.apache.org,benign
paypal.com,benign
issuu.com,benign
m.facebook.com,benign
weebly.com,benign
beian.miit.gov.cn,benign
cdc.gov,benign
open.spotify.com,benign
cloudflare.com,benign
bbc.com,benign
tinyurl.com,benign
vk.com,benign
sciencedirect.com,benign
reuters.com,benign
developers.google.com,benign
washingtonpost.com,benign
youtube-nocookie.com,benign
opera.com,benign
oracle.com,benign
imdb.com,benign
wsj.com,benign
harvard.edu,benign
bloomberg.com,benign
php.net,benign
t.me,benign
get.adobe.com,benign
wa.me,benign
wikimedia.org,benign
weibo.com,benign
mit.edu,benign
msn.com,benign
bing.com,benign
office.com,benign
businessinsider.com,benign
wp.com,benign
gnu.org,benign
wiley.com,benign
nature.com,benign
doi.org,benign
un.org,benign
stanford.edu,benign
slideshare.net,benign
accounts.google.com,benign
ibm.com,benign
list-manage.com,benign
researchgate.net,benign
live.com,benign
nginx.org,benign
wpa.qq.com,benign
wix.com,benign
go.com,benign
nasa.gov,benign
springer.com,benign
telegraph.co.uk,benign
time.com,benign
dailymail.co.uk,benign
usatoday.com,benign
cnbc.com,benign
eventbrite.com,benign
cnet.com,benign
www.gov.uk,benign
nginx.com,benign
ted.com,benign
npr.org,benign
cpanel.net,benign
surveymonkey.com,benign
mail.google.com,benign
ebay.com,benign
addtoany.com,benign
cpanel.com,benign
cloudfront.net,benign
myspace.com,benign
wired.com,benign
tiktok.com,benign
mp.weixin.qq.com,benign
huffingtonpost.com,benign
validator.w3.org,benign
outlook.com,benign
bp.blogspot.com,benign
blogger.com,benign
bitly.com,benign
aol.com,benign
hp.com,benign
amzn.to,benign
mysql.com,benign
berkeley.edu,benign
i0.wp.com,benign
independent.co.uk,benign
gc.ca,benign
techcrunch.com,benign
etsy.com,benign
loc.gov,benign
i1.wp.com,benign
i2.wp.com,benign
googleusercontent.com,benign
unsplash.com,benign
imgur.com,benign
latimes.com,benign
g.page,benign
yelp.com,benign
ft.com,benign
amazon.co.uk,benign
sitemaps.org,benign
behance.net,benign
themeforest.net,benign
debian.org,benign
dailymotion.com,benign
beian.gov.cn,benign
free.fr,benign
statista.com,benign
arnebrachhold.de,benign
nationalgeographic.com,benign
cornell.edu,benign
theverge.com,benign
ietf.org,benign
prnewswire.com,benign
twitch.tv,benign
youku.com,benign
fda.gov,benign
sina.com.cn,benign
washington.edu,benign
ca.gov,benign
theatlantic.com,benign
mailchimp.com,benign
shopify.com,benign
goodreads.com,benign
stackoverflow.com,benign
s3.amazonaws.com,benign
aboutads.info,benign
huffpost.com,benign
samsung.com,benign
cbsnews.com,benign
scribd.com,benign
webmd.com,benign
kickstarter.com,benign
oup.com,benign
squarespace.com,benign
tripadvisor.com,benign
fpdownload.macromedia.com,benign
livejournal.com,benign
tandfonline.com,benign
baike.baidu.com,benign
google.co.uk,benign
google.de,benign
skype.com,benign
mailchi.mp,benign
jimdo.com,benign
fb.com,benign
calendar.google.com,benign
princeton.edu,benign
ilyadesfois.com,benign
sagepub.com,benign
networkadvertising.org,benign
nbcnews.com,benign
podcasts.apple.com,benign
fr.wikipedia.org,benign
unesco.org,benign
business.site,benign
statcounter.com,benign
myshopify.com,benign
allaboutcookies.org,benign
hbr.org,benign
taobao.com,benign
hubspot.com,benign
akismet.com,benign
usda.gov,benign
about.com,benign
whitehouse.gov,benign
xinhuanet.com,benign
hugedomains.com,benign
change.org,benign
marriott.com,benign
digg.com,benign
typepad.com,benign
1.bp.blogspot.com,benign
sciencemag.org,benign
launchpad.net,benign
bandcamp.com,benign
usnews.com,benign
economist.com,benign
www.beian.miit.gov.cn,benign
foxnews.com,benign
epa.gov,benign
businesswire.com,benign
finance.yahoo.com,benign
line.me,benign
pbs.org,benign
pixabay.com,benign
netflix.com,benign
163.com,benign
deviantart.com,benign
buzzfeed.com,benign
cambridge.org,benign
quora.com,benign
booking.com,benign
translate.google.com,benign
fb.me,benign
umich.edu,benign
investopedia.com,benign
de.wikipedia.org,benign
columbia.edu,benign
britannica.com,benign
eepurl.com,benign
dx.doi.org,benign
mashable.com,benign
marketwatch.com,benign
iso.org,benign
state.gov,benign
giphy.com,benign
worldbank.org,benign
sciencedaily.com,benign
zdnet.com,benign
vice.com,benign
zendesk.com,benign
redhat.com,benign
noaa.gov,benign
mayoclinic.org,benign
arcgis.com,benign
psu.edu,benign
indiatimes.com,benign
yale.edu,benign
healthline.com,benign
cisco.com,benign
vox.com,benign
telegram.me,benign
academia.edu,benign
feedburner.com,benign
m.youtube.com,benign
upenn.edu,benign
cbc.ca,benign
wikihow.com,benign
bmj.com,benign
psychologytoday.com,benign
stumbleupon.com,benign
addthis.com,benign
gouv.fr,benign
linktr.ee,benign
dribbble.com,benign
ox.ac.uk,benign
plos.org,benign
fastcompany.com,benign
webs.com,benign
gofundme.com,benign
wisc.edu,benign
sohu.com,benign
intel.com,benign
2.bp.blogspot.com,benign
3.bp.blogspot.com,benign
4.bp.blogspot.com,benign
abc.net.au,benign
theconversation.com,benign
android.com,benign
weforum.org,benign
fortune.com,benign
wpengine.com,benign
newyorker.com,benign
deloitte.com,benign
tripod.com,benign
inc.com,benign
example.com,benign
youronlinechoices.com,benign
disqus.com,benign
engadget.com,benign
yandex.ru,benign
sun.com,benign
umn.edu,benign
nypost.com,benign
godaddy.com,benign
ieee.org,benign
or.kr,benign
scientificamerican.com,benign
geocities.com,benign
biomedcentral.com,benign
entrepreneur.com,benign
constantcontact.com,benign
gizmodo.com,benign
fandom.com,benign
apa.org,benign
plesk.com,benign
guardian.co.uk,benign
sharepoint.com,benign
apnews.com,benign
jhu.edu,benign
feeds.feedburner.com,benign
intuit.com,benign
trustpilot.com,benign
mckinsey.com,benign
oecd.org,benign
oreilly.com,benign
uci.edu,benign
meetup.com,benign
cam.ac.uk,benign
amazon.de,benign
elsevier.com,benign
discord.gg,benign
newsweek.com,benign
steampowered.com,benign
typeform.com,benign
aboutcookies.org,benign
arxiv.org,benign
ftc.gov,benign
azurewebsites.net,benign
ucla.edu,benign
people.com.cn,benign
merriam-webster.com,benign
indeed.com,benign
nps.gov,benign
pewresearch.org,benign
dev.mysql.com,benign
dell.com,benign
dw.com,benign
irs.gov,benign
photobucket.com,benign
cmu.edu,benign
fao.org,benign
salesforce.com,benign
web.whatsapp.com,benign
ubuntu.com,benign
vkontakte.ru,benign
thelancet.com,benign
jigsaw.w3.org,benign
elegantthemes.com,benign
gotowebinar.com,benign
